machine_id,reading_time,vibration,temperature,rpm
1,2024-01-10,1.8424631446609974,42.869156907038814,959.4656076853981
1,2024-01-15,2.4043202341534826,41.69723688931825,1031.6170117207805
1,2024-01-20,2.0210444162004966,38.809789842591826,1011.3222565356208
1,2024-01-25,1.9941434169418173,41.306417504136625,972.1316611825459
1,2024-01-30,1.6204723286926137,39.53004579860665,1003.4538741305103
1,2024-02-04,2.439725383690477,42.548161200445996,1053.1202018254407
1,2024-02-09,2.552916878947596,42.63262151408183,1046.814926682061
1,2024-02-14,2.8007476108997316,39.65287229585317,1014.4300492471729
1,2024-02-19,1.9852421738174968,40.14160761358836,1012.7261021669034
1,2024-02-24,2.344422155590405,43.513413813473974,1003.4720412732961
1,2024-02-29,2.4160309519105247,42.57174429663685,1029.3788257086478
1,2024-03-05,2.4162551571722357,40.652465699720906,1012.7590588644978
1,2024-03-10,2.919971375410182,43.16599280163868,1009.355895065263
1,2024-03-15,3.1112476641048867,42.63933019649047,1006.6578488097786
1,2024-03-20,3.004050833022219,43.66548456133657,1052.6705644122426
1,2024-03-25,2.7198699936307134,44.556064713858405,979.4376845882492
1,2024-03-30,3.5827665607613164,45.61916125929833,1005.8611849129114
1,2024-04-04,3.433372676757119,44.49964854557358,980.893071105646
1,2024-04-09,3.521669099328678,44.616968194059574,984.5191413850699
1,2024-04-14,3.1934364194261025,44.81820225425029,1009.2191123084059
1,2024-04-19,3.1087715273303083,44.71948722534724,973.8009862557506
1,2024-04-24,4.3214551893279465,44.392943819426925,983.6529168975434
1,2024-04-29,3.597246155353383,43.839621878793835,986.7452337324357
1,2024-05-04,3.5314006237309394,47.528180131338544,978.9079106106633
1,2024-05-09,3.511305809470552,46.449094837981654,1024.7403214587293
1,2024-05-14,3.284385101705622,43.10117635603508,1029.6065712234433
1,2024-05-19,3.552033828543674,47.37627675202282,973.5624609873312
1,2024-05-24,3.648841058753427,47.93150001955667,999.5623825132247
1,2024-05-29,4.0715353388895625,48.486465913575984,1000.561989266964
1,2024-06-03,3.627175250861523,47.32052093412499,1017.1500650317622
1,2024-06-08,4.321048004872826,49.12740277846329,985.5940401428237
1,2024-06-13,4.042307540510169,49.13516994641565,950.6060226986481
1,2024-06-18,4.5425431160035945,50.07709874130537,1004.1130026801334
1,2024-06-23,3.827228967093868,48.10267144756156,989.5507704093484
1,2024-06-28,3.8156082497301615,49.493536230994664,1020.0097121552421
1,2024-07-03,4.44298653265038,51.03625696938306,978.7033769427399
1,2024-07-08,4.380106634361635,51.460952401899064,1017.0799557298981
1,2024-07-13,5.070824732540104,48.65891360568133,978.1211918186306
1,2024-07-18,4.647937439072381,50.38738649433092,973.3985186897044
1,2024-07-23,4.663646589040991,51.98577575531398,1019.168276724266
1,2024-07-28,4.929998116276548,55.55054693115643,973.6285967848378
1,2024-08-02,5.024335350693651,51.21571154112417,1008.2670817524729
1,2024-08-07,4.2957994657717435,50.23581302289953,1027.2886689464065
1,2024-08-12,5.296814150593375,51.77377792579788,968.5837603294477
1,2024-08-17,5.010223634202387,52.34069257821973,1012.1395141913725
1,2024-08-22,4.977521425990092,52.13735993186562,1006.8318161189743
1,2024-08-27,5.251604560642725,52.67868444240015,995.6508604619195
1,2024-09-01,5.0766008776716385,52.70990632905173,965.0186113165678
1,2024-09-06,5.616570169739039,52.64756839540058,1012.7022510180395
1,2024-09-11,5.032104122549499,52.14179675592686,979.458764821288
1,2024-09-16,5.559589745793196,56.367016652815245,986.6611325008697
1,2024-09-21,4.985605208056416,52.87317603716044,1003.9069294509394
1,2024-09-26,5.5120509512503695,53.21581257946699,1001.3670250220766
1,2024-10-01,5.507314337129903,52.72035033861023,1024.0276088843539
1,2024-10-06,5.74358025188818,55.005881600052184,1007.0883917023932
1,2024-10-11,5.203029511135465,54.25656498822498,1015.5364600885121
1,2024-10-16,6.198736028297155,55.11561180518631,992.5095688181906
1,2024-10-21,5.516744755100241,55.45564664342269,990.2756542849376
1,2024-10-26,5.715338074027697,57.150419023837756,1035.6258215405273
1,2024-10-31,5.837871190096531,53.84114054190769,993.1374187179181
1,2024-11-05,6.222777920734012,58.9153826441028,973.463364677282
1,2024-11-10,6.731196931106376,58.61269549090322,985.8466106876244
1,2024-11-15,6.162378879863508,56.080337490616394,989.014941852714
1,2024-11-20,6.644107369483106,56.630202775661466,1002.7840822191363
1,2024-11-25,6.286243009565396,58.32116007628823,1063.7406667614594
1,2024-11-30,6.477303850822924,58.659871729718624,1002.963634627583
1,2024-12-05,6.623768384626086,59.47154059514946,1012.156770806696
1,2024-12-10,6.898794933738776,58.696640835390674,994.5807547566452
1,2024-12-15,6.9986394721653795,59.30047220346247,977.1010295985719
1,2024-12-20,6.903422232338668,58.08655316602046,974.6523539697533
1,2024-12-25,7.163583954038518,57.241245648484615,1031.098453532732
1,2024-12-30,6.568653598058873,59.40942260812195,965.6715110811206
1,2025-01-04,7.0903375028112094,59.45018979066825,998.1984273363959
2,2024-01-28,1.8482359840297118,42.517458264734344,962.5106225028097
2,2024-02-02,1.9677394165160977,41.18345112571396,1009.8428206787332
2,2024-02-07,1.8463901747435663,38.91740617192717,1007.2613920667462
2,2024-02-12,2.1981544072711703,43.01364675909956,1012.6570487476542
2,2024-02-17,1.9330043211324952,40.11950927705562,983.1452980702616
2,2024-02-22,2.63817772903678,44.522294941783535,1002.071361688847
2,2024-02-27,2.994168691730607,42.37562163686972,999.7143890458981
2,2024-03-03,3.403253403236069,47.47957125708529,993.1482226353871
2,2024-03-08,3.293298212462146,47.594515263720595,1008.0916579023504
2,2024-03-13,3.6375121195056503,46.22736367472883,1001.1114431388794
2,2024-03-18,3.5411996889161768,45.33435583919,972.8642903116288
2,2024-03-23,3.6887479609661145,44.93757995788197,1008.9101380256277
2,2024-03-28,3.3892287781526225,46.83496992194739,1009.1688259312396
2,2024-04-02,3.4570831820467562,49.52449195290244,996.7226947307406
2,2024-04-07,4.690615153692978,47.000514748968804,1016.6391637314903
2,2024-04-12,3.8087556331762733,48.5055131123902,1028.8749441937152
2,2024-04-17,3.862535489068262,50.71936796332505,1010.7205306980971
2,2024-04-22,4.258054144633924,51.49964048673865,989.0148363691786
2,2024-04-27,4.003875653821444,53.00475959977912,994.2730696766816
2,2024-05-02,4.324922477637077,52.47442656351153,996.6385842158894
2,2024-05-07,5.131812222333794,51.13231833596419,980.6577789079806
2,2024-05-12,4.929401706777451,55.08303536061962,1007.3381883419395
2,2024-05-17,5.413734646222496,53.18861746165553,987.9879063750083
2,2024-05-22,5.455881381203502,51.98020734144203,1020.6520080803596
2,2024-05-27,5.112472152427873,55.13468016337246,1037.5234167843178
2,2024-06-01,5.979228784271659,56.68708385471431,1014.8392603305894
2,2024-06-06,6.4031351000494565,57.6097102307642,990.6164869579059
2,2024-06-11,6.201093750994468,54.803783171820065,1006.818443971179
2,2024-06-16,6.238839422864974,56.8872441317789,1024.7563262394692
2,2024-06-21,6.384487856934746,57.585078387199104,1005.1877861799939
2,2024-06-26,6.660093924507841,58.28542329921066,1000.9396118752949
2,2024-07-01,6.62779530619036,56.48812446581495,972.6281976891629
2,2024-07-06,7.034662942894799,57.19489034350552,1025.5535364379703
3,2024-01-28,2.0344584404641686,42.32689428209946,1003.3994580581461
3,2024-02-02,2.4383298274161938,39.99597886323201,1019.4314190190871
3,2024-02-07,2.631426095140657,42.05558792462143,991.3269934645631
3,2024-02-12,2.1743762228756505,38.51196560220353,1028.8867758396361
3,2024-02-17,2.28860303561726,42.554013727496454,1030.0471410419207
3,2024-02-22,2.4840097915642168,43.31944649484826,1006.6140111412786
3,2024-02-27,2.043122897119394,42.13322896735884,1007.6813089787861
3,2024-03-03,2.6366854759853697,44.26999212885142,971.17608479008
3,2024-03-08,2.8488296457303086,41.545581008113984,989.7226616532662
3,2024-03-13,2.5134423868222258,46.407464686487856,993.6127998493268
3,2024-03-18,2.7644854293648353,42.504941611112756,997.8593928009088
3,2024-03-23,2.7053462896384124,44.149886949993345,954.3439501991841
3,2024-03-28,2.898357605454106,44.75407089750886,997.7534390061834
3,2024-04-02,3.134340649479571,43.69790785897169,1011.5900880309971
3,2024-04-07,3.2104722916817017,41.7190694562054,969.696178756029
3,2024-04-12,3.795406352548209,46.81847942782765,980.2412830840692
3,2024-04-17,4.40136458633908,47.5901637423619,997.4416481703847
3,2024-04-22,3.2833944831100377,45.06446769069183,981.9091623242585
3,2024-04-27,3.4684410215050643,45.027329541689696,1033.7428327014513
3,2024-05-02,4.019261085350314,45.70811545383427,999.9340815934529
3,2024-05-07,4.304062652934032,48.19686678453953,979.2550769134709
3,2024-05-12,3.8823800978157097,49.85152470885602,973.8070141997621
3,2024-05-17,3.612267700582707,48.97180574594966,986.9871486175634
3,2024-05-22,3.9780566290866974,47.25390132033632,989.0966160133631
3,2024-05-27,4.231107004087211,47.619776888198494,1005.4091365155967
3,2024-06-01,4.293835354356679,49.5916137259053,1005.4715480627725
3,2024-06-06,4.55153821496639,48.138719367518476,1001.9866461085845
3,2024-06-11,4.719035467178269,51.37399553124946,984.7653016854437
3,2024-06-16,4.356997854691635,47.63657925562078,967.4491512423367
3,2024-06-21,4.6927573571404615,51.67121618073424,966.7695987546208
3,2024-06-26,5.605821371676419,48.66624416358598,997.028971899859
3,2024-07-01,4.74080637482678,52.961616878291096,988.462162609537
3,2024-07-06,5.28729941905355,52.97905997437208,985.5332183509753
3,2024-07-11,5.777911382613398,53.0566360271415,995.9390922791401
3,2024-07-16,5.191032015897443,52.6945438010398,1009.760881587575
3,2024-07-21,5.706509730590548,53.436282001384754,991.7624606775506
3,2024-07-26,5.229282220360543,52.82071756262307,1010.8696630592756
3,2024-07-31,5.727658323167481,54.975415235320746,993.4795293566432
3,2024-08-05,5.434501536208605,55.989731915867274,986.4717395903192
3,2024-08-10,4.932795615730848,54.435205920858785,1033.5287462455055
3,2024-08-15,5.62249725969722,56.01166090164259,1017.8482163963042
3,2024-08-20,5.815293264760746,52.92854915530595,1022.8750808641386
3,2024-08-25,6.06879796231347,58.92189289663293,1003.63732510117
3,2024-08-30,6.045785849859343,57.130782420693336,982.8783234818227
3,2024-09-04,6.207369893180816,56.755196939758015,1020.750798885158
3,2024-09-09,6.003027297288131,55.957688977664056,1007.546009860897
3,2024-09-14,6.537543584046821,58.45389012500903,1027.718066425822
3,2024-09-19,6.64332564487452,56.20229524102411,975.1069059337717
3,2024-09-24,6.484279292481785,58.98575222315496,982.1831331509784
3,2024-09-29,5.828041404459462,58.521782151060464,977.4902190540324
3,2024-10-04,6.556959708481793,58.54162744995675,1035.6432723707217
3,2024-10-09,6.8872522315890325,57.65496770031402,1009.4293671427199
3,2024-10-14,6.400092570018243,62.04034663761896,1003.6776670381031
3,2024-10-19,6.924911021619719,58.095122324995366,997.484261598007
4,2024-01-16,2.0167174736866085,41.641287277706425,966.1507074057037
4,2024-01-21,2.5273582465231152,41.880467303547604,988.34398797174
4,2024-01-26,2.3926602480789434,37.06683914451226,995.4024085710722
4,2024-01-31,2.393921456098995,40.31824075928398,1033.380430505788
4,2024-02-05,1.9363469004156597,40.87233541086461,999.8669309073753
4,2024-02-10,1.9467222398640742,41.02346121838561,1013.9241272962684
4,2024-02-15,2.1058012529459718,42.418839579410545,984.0177885834947
4,2024-02-20,2.4300913573796117,45.77784792405288,1001.1843686802897
4,2024-02-25,2.313182093909108,43.203201525037976,997.7031196103395
4,2024-03-01,2.6629493432430396,42.41662351933354,989.1315045773247
4,2024-03-06,3.1015061875614016,38.7506989918232,958.4324669016212
4,2024-03-11,2.3812326342279753,42.49966723901646,992.5711826800841
4,2024-03-16,2.7769544181904395,44.0793183742742,1016.6644775524148
4,2024-03-21,2.492449254071182,44.96516142533763,1025.4311018998833
4,2024-03-26,3.1754057288020117,42.14203878153032,989.5095946744045
4,2024-03-31,3.1742096286423482,43.58356674927771,995.4156789689282
4,2024-04-05,3.3091784014199517,45.04995661106468,992.7806766836184
4,2024-04-10,3.51218250265311,43.6716842693991,981.2528863555336
4,2024-04-15,3.3307166190014024,43.054836484737116,1018.4805403841381
4,2024-04-20,3.245899222080802,43.343227605631114,983.673891818903
4,2024-04-25,2.9028742616414593,46.38846698181298,974.3914129500744
4,2024-04-30,3.964794418978871,43.12322053315825,989.1015553008218
4,2024-05-05,3.343373589025808,46.62610143180208,999.247305951503
4,2024-05-10,3.9063330303583808,45.79779725368384,1026.9208841492944
4,2024-05-15,4.290407477968278,47.583728392374084,987.5429099379743
4,2024-05-20,3.586885856920506,46.876965968091234,1006.9516341072334
4,2024-05-25,3.291944022015321,47.95108315419712,1040.1114809127992
4,2024-05-30,4.064592542431066,47.78130487544342,1019.6538196789103
4,2024-06-04,3.6166808517090705,48.436677461085814,996.837970198596
4,2024-06-09,4.228279344237119,47.00797761290854,1000.5218210042167
4,2024-06-14,3.9503905946588938,48.51701562653622,971.312700656823
4,2024-06-19,4.297594274192672,47.10830081576515,972.9663078876733
4,2024-06-24,4.363970909678311,46.1367627108082,1041.6262931353028
4,2024-06-29,4.168907881056562,47.75355922013914,1014.0061975881798
4,2024-07-04,4.39956705029087,49.664083030021374,990.3975482040742
4,2024-07-09,5.086800932493052,48.02017209260476,964.3888663357903
4,2024-07-14,4.182346218396606,53.31738154521481,1019.7144543364712
4,2024-07-19,4.355907210900999,51.13259212220189,1020.2028292085723
4,2024-07-24,4.810225930312657,52.340181586769255,1016.0960635746761
4,2024-07-29,4.950308880498391,52.71719926540919,1020.5728526060614
4,2024-08-03,4.770769356991217,50.15729408055399,960.9502625397863
4,2024-08-08,4.72436945834218,50.94370703147086,996.9192656806654
4,2024-08-13,5.073777338634426,52.69432303695268,998.6624735104547
4,2024-08-18,4.746117694037432,53.80260558980177,1025.9481222972524
4,2024-08-23,4.756966205313215,56.16761203095282,1001.5931571505517
4,2024-08-28,5.386186591638524,54.495026741111126,961.9097585626965
4,2024-09-02,5.7634038583210705,53.330502383871774,1002.9059247948207
4,2024-09-07,5.733250279438442,52.54955648120621,1019.9171505743699
4,2024-09-12,5.156371531935901,51.37118228867479,1051.9540928646877
4,2024-09-17,5.161053100340636,52.215612054740724,995.9841626791854
4,2024-09-22,5.945976362869914,53.95134437610878,999.8227195468725
4,2024-09-27,5.452748858706728,54.654447963175514,1014.8807654129832
4,2024-10-02,5.699666338706332,53.87197841822805,980.930816580562
4,2024-10-07,5.547599790397247,53.54772016111642,1016.0371466408034
4,2024-10-12,5.948092964299086,55.1059395802873,997.0162168048256
4,2024-10-17,5.569299264235932,55.995704043605954,989.9259103865372
4,2024-10-22,5.710856235932629,55.1863911182252,1010.3054570597353
4,2024-10-27,6.2623641778064165,59.36898567545504,1009.3924157875101
4,2024-11-01,6.005203389046232,53.327259500134744,1003.3930577894171
4,2024-11-06,6.040192109455806,59.51789559212054,986.6812303440921
4,2024-11-11,6.06967161569457,58.12687434093801,970.1234071757152
4,2024-11-16,5.963265355560623,56.608794994628944,996.248426714595
4,2024-11-21,5.974764604115071,58.44857679690721,995.2908655559062
4,2024-11-26,6.345707169411995,58.621516125228624,1000.717890995354
4,2024-12-01,6.5469618771311335,60.55957789162284,1008.1882683573826
4,2024-12-06,6.64344677556578,57.24077985277665,1010.9355870833048
4,2024-12-11,6.671272934861587,59.36836067839803,1020.1704164955717
4,2024-12-16,7.048547736262686,58.10548726308637,1002.9342737286664
4,2024-12-21,6.450672150251233,59.372570262643656,1008.36505109572
4,2024-12-26,6.846151006031805,59.190758191070955,1000.928730963123
4,2024-12-31,7.0205118286685,57.15270957386658,1029.9026749103482
4,2025-01-05,6.92710282595869,60.25908832671581,1000.9590810056621
4,2025-01-10,7.11387580223003,60.00594108199481,991.0713277089894
5,2024-01-15,2.0582269978694923,40.19945451122032,985.9975837012165
5,2024-01-20,1.9837457410842894,40.70284525162236,1007.3420453357613
5,2024-01-25,2.0978289865922024,40.825724800645865,959.29519518749
5,2024-01-30,2.2167960461711744,44.355159220877425,971.0397219916752
5,2024-02-04,1.8514994185861546,43.017519324370156,1019.7461779851325
5,2024-02-09,2.7120667210965834,41.7095880817558,974.3939120265821
5,2024-02-14,3.028449006842312,42.73322806574973,977.0608274253312
5,2024-02-19,3.448488208565613,41.972861289516025,969.4894965815053
5,2024-02-24,2.814709990179985,45.435962452717945,995.8686566313734
5,2024-02-29,2.7746058852802697,46.765917756259505,998.3569764321486
5,2024-03-05,3.6130417634068857,45.5159160918174,995.3988712880723
5,2024-03-10,3.5765684993931535,46.294116101319936,1012.8544551973508
5,2024-03-15,3.932169375756267,48.00749711809745,1009.82809134039
5,2024-03-20,3.458291227491801,49.34624632180455,999.1968409871131
5,2024-03-25,3.359761688867212,48.41694220149359,986.9475204139521
5,2024-03-30,3.833709868956758,47.62903451400596,996.5393024260617
5,2024-04-04,3.8381169152586345,45.80240505392628,1015.208293122886
5,2024-04-09,4.283989541009709,49.40770874062479,999.5164604580374
5,2024-04-14,4.128834009182934,48.71550738186991,1000.9520710362871
5,2024-04-19,4.245072051922433,47.99194609447205,1001.2500546649895
5,2024-04-24,4.321563825963292,48.144766312938984,977.8536097330738
5,2024-04-29,4.873126159634453,49.26581534522388,1007.0378213581287
5,2024-05-04,4.851110840126231,53.79765083538813,1027.6629000174455
5,2024-05-09,5.050649902267579,51.49835019261334,1002.9249601563771
5,2024-05-14,5.223483340609599,51.764270718191014,1048.2678783023428
5,2024-05-19,5.841398007473457,54.53688900944207,997.9835401962958
5,2024-05-24,5.771987287878688,52.31254433945498,990.3222833189136
5,2024-05-29,5.140730263551161,53.0068651941295,1012.3737309569581
5,2024-06-03,5.916785770267103,56.90326851117208,1008.7264733934807
5,2024-06-08,5.367425574247906,55.6695110436333,989.9548856761176
5,2024-06-13,5.897037532905461,56.970805320412374,997.7853314183861
5,2024-06-18,5.8163884044945755,58.2063575176726,975.4846867399532
5,2024-06-23,5.649817180514486,54.01380828621652,1040.0347420506027
5,2024-06-28,6.540519195999866,56.809897079630844,996.5474540011836
5,2024-07-03,6.609798228609523,58.579548352103046,1003.5854920885337
5,2024-07-08,6.9154476536743354,59.960079226247444,987.4887459698094
5,2024-07-13,6.719011910180834,58.88678359200736,994.1702004201302
5,2024-07-18,6.891136197920986,58.356303108041466,1015.4339742129669
5,2024-07-23,6.001278666746678,57.69001373958423,1006.3844668439109
6,2024-01-30,2.242187937443325,38.13135091135045,1022.154409005634
6,2024-02-04,1.8718474767199473,40.26670367799398,1009.5408165444625
6,2024-02-09,1.5399950163523841,41.05542993099482,994.8149911483955
6,2024-02-14,2.6229194861473806,43.26239332488974,1017.0044348422698
6,2024-02-19,2.59120824930827,43.18208955758136,1024.290185706107
6,2024-02-24,2.394498899816578,43.23084791261156,1004.7757831805303
6,2024-02-29,2.4075625855652447,41.196085106178415,1000.967702365716
6,2024-03-05,2.3836349206454526,43.45855194001269,998.3856683978283
6,2024-03-10,2.497540031763481,42.710613999298445,1002.7868518724252
6,2024-03-15,2.89420069675011,44.53077608160432,942.0748924361262
6,2024-03-20,2.5813712365706447,43.97593049815872,981.230641795883
6,2024-03-25,3.1202629502128802,42.772276568396656,1038.2806270773358
6,2024-03-30,3.175418420355381,42.669274847959066,999.3822472885684
6,2024-04-04,3.696546955671101,44.68374767213833,1021.0130879201522
6,2024-04-09,3.233989551377292,45.846794058469,1016.7836973543263
6,2024-04-14,3.808678854120921,45.56990984252331,977.7674934452255
6,2024-04-19,3.2479859333440153,45.70263921404815,987.9132286110672
6,2024-04-24,3.334598123335882,47.082649232238595,997.2227482561066
6,2024-04-29,3.7538504824187817,45.48038355859958,970.6184087872758
6,2024-05-04,3.3314031068849976,48.06849668327682,970.7592805699622
6,2024-05-09,3.079556066870649,48.348792291815776,1044.2438261876937
6,2024-05-14,4.103290182285183,46.62422801107091,999.3059335994022
6,2024-05-19,3.989293593695073,45.842349635024995,1000.0556474184316
6,2024-05-24,4.4243650348295915,45.30693451407058,1003.4194194313644
6,2024-05-29,4.329239563594703,44.811463387793225,1017.0980075924142
6,2024-06-03,4.400601684704968,48.02121382032394,1025.236408258682
6,2024-06-08,3.8350404157265596,51.06029679293875,998.0622834076985
6,2024-06-13,3.8524672923691714,49.68688626631892,977.799237898171
6,2024-06-18,4.516317408174089,49.748633074752064,1049.1155239912512
6,2024-06-23,4.737531022741327,50.24975195737688,998.6721919181373
6,2024-06-28,4.210542292526575,50.207284578343554,1006.5863157030356
6,2024-07-03,4.730852957246199,51.873030920451946,986.7577496635118
6,2024-07-08,4.653522639228489,51.981018694687094,1009.5400743879014
6,2024-07-13,4.097873697650386,51.49503672357689,1045.0090953563254
6,2024-07-18,5.039005686949925,53.20189831817952,990.7410186914929
6,2024-07-23,4.625063891613028,52.273072209153256,1030.1932491679208
6,2024-07-28,5.3547160664251505,50.76562155772334,1008.7111169674963
6,2024-08-02,5.385711151504069,51.62049561881083,1008.643853029308
6,2024-08-07,5.068159251256045,51.93012710707893,998.3948190758491
6,2024-08-12,5.614555598187389,52.32506177069942,981.2444033226018
6,2024-08-17,5.538467688911152,51.69846427246185,1014.6848857940596
6,2024-08-22,5.049467265718372,54.8209370039804,969.0093746084298
6,2024-08-27,4.978927616297436,51.19634477263209,1020.8521767127297
6,2024-09-01,5.467702855397543,55.516579753079384,994.5307150709035
6,2024-09-06,5.950791791042131,52.866754300337846,967.3699835723168
6,2024-09-11,6.266487434489509,56.911689987294814,968.9693890649964
6,2024-09-16,6.0244872727201955,56.95400109204002,1003.9233509115745
6,2024-09-21,5.780177255814559,58.37742917324176,1017.4115243162848
6,2024-09-26,5.637837986505084,55.896436019269665,997.1297531128918
6,2024-10-01,5.97068709133016,56.49872535365676,1002.2680012654521
6,2024-10-06,5.966066315829753,57.096387110569545,1002.2098107739894
6,2024-10-11,6.411216403468751,56.70105742235755,976.204769165358
6,2024-10-16,5.68142728481589,56.77945054890552,984.9340355132289
6,2024-10-21,6.703164922200449,57.51061042848256,992.0721232990439
6,2024-10-26,6.640057038254411,59.70545682432183,975.2367445038886
6,2024-10-31,6.642368213273842,57.36066585643987,973.3753409288445
6,2024-11-05,6.16832203644765,59.638721583883374,977.9326678765225
6,2024-11-10,6.1575876070710835,60.46830472432064,1000.6253375449735
6,2024-11-15,6.9122747290992885,59.40256920635336,1018.3815296597554
6,2024-11-20,6.884914694856613,60.74064974183707,1011.9918822656299
7,2024-01-30,1.6436261574073805,39.47047591491166,979.268481672874
7,2024-02-04,2.58391313158205,42.38881365636911,1009.493964657599
7,2024-02-09,3.119448444568176,41.069730188654745,986.9917393058001
7,2024-02-14,2.728885670587939,40.68224042825217,993.8955059129066
7,2024-02-19,2.9122976087151917,43.12086385815566,963.9518218501156
7,2024-02-24,2.7560040281694462,42.39084844738058,997.1182488855677
7,2024-02-29,3.301989274937551,42.63607391404817,980.6696594813002
7,2024-03-05,3.4551051776528174,44.28679202090778,998.7468608759511
7,2024-03-10,3.564540852404117,45.574133504296874,987.7319467291812
7,2024-03-15,3.619192286202481,46.86326283928908,985.4253663725119
7,2024-03-20,4.03100721997826,49.38567248839693,1018.9910827088265
7,2024-03-25,3.6444489554248185,46.793714123841774,995.8207902533594
7,2024-03-30,3.869847313340599,48.78249558862188,976.5977394788129
7,2024-04-04,3.929309368496655,51.197579263671706,1015.2439680158442
7,2024-04-09,4.542426634777155,50.6167946135494,1017.2620045234127
7,2024-04-14,4.610956599263658,49.181187261164936,1003.6671983955831
7,2024-04-19,5.035288275735069,53.0284621713495,1002.3916073682831
7,2024-04-24,4.937953125127937,51.12990529720426,999.198229746869
7,2024-04-29,5.367982566320812,56.24702825740487,972.5619771413728
7,2024-05-04,5.125790541840252,54.8667706836714,1004.141877244659
7,2024-05-09,5.599129716510735,56.75926318352895,987.8876892052627
7,2024-05-14,6.537647029078226,55.82686247154293,1018.42699205973
7,2024-05-19,6.402465303522372,57.168285638288054,1026.034825787976
7,2024-05-24,6.838282627843071,56.57280846795509,998.4836520836358
7,2024-05-29,6.887742421714415,59.10234182371036,951.3219548690394
7,2024-06-03,6.805544670261917,57.38426628875705,964.4273833358039
7,2024-06-08,6.700419156218889,59.542132021236704,1018.9701640743334
8,2024-01-15,2.0104558629175298,39.68299587167351,997.6519828169008
8,2024-01-20,2.5006660383577866,40.768734996480056,984.3795914147022
8,2024-01-25,2.312860573451647,41.64088539729084,979.6957319370957
8,2024-01-30,3.34510872904037,43.17611413582453,1004.5990889568443
8,2024-02-04,2.5755342886272645,44.68240607469875,957.4097385177992
8,2024-02-09,2.9065959932311882,43.09952452808508,1004.2114006791693
8,2024-02-14,3.4257872575419643,43.26946364922819,1022.7097003272554
8,2024-02-19,3.5747437463837612,43.447307567835324,975.173620031445
8,2024-02-24,3.8777117892581336,47.34294298802105,1031.9824467029875
8,2024-02-29,3.863956453154142,47.08552345747272,983.4307446206454
8,2024-03-05,4.392864325224128,47.670019196608685,1006.2810593519972
8,2024-03-10,3.9732393822244534,49.268665849877806,980.5250070408384
8,2024-03-15,4.012291745256271,51.16631502467975,1028.7049405294508
8,2024-03-20,4.80488201542953,49.73986420875636,996.4278005090531
8,2024-03-25,5.273349522691547,53.86256312090108,1004.9405328721023
8,2024-03-30,5.073499913853393,53.63574048216221,1004.9003719092093
8,2024-04-04,5.332870850075413,55.21825627304892,982.8378891046361
8,2024-04-09,6.067463744750705,55.834214365109496,1013.7313201230313
8,2024-04-14,5.152143971218479,55.61084886375111,1004.728493525249
8,2024-04-19,6.260268230698463,57.79573617362565,1012.6848228611844
8,2024-04-24,6.382710316380998,55.35361733380103,1000.1170467345075
8,2024-04-29,6.815352733246008,58.73707928368657,990.8372602557254
8,2024-05-04,6.556821948862761,58.03225741007893,976.3843587469933
8,2024-05-09,6.884857367237309,61.11754455113018,989.2462060514428
9,2024-01-30,2.0910334252772134,39.970036856920146,986.6695903745297
9,2024-02-04,1.986214604324582,40.410873338748665,1021.8054901268852
9,2024-02-09,1.729945916790116,42.22636409166653,1016.9665900075266
9,2024-02-14,2.4003437343532092,40.196807797131015,953.9179532048543
9,2024-02-19,2.423355851030145,39.93346665125623,1015.6498698940125
9,2024-02-24,2.6225331952415356,42.885736524819706,982.4189822964822
9,2024-02-29,2.3067435174741937,39.88332157770848,999.6836057947586
9,2024-03-05,2.6379785907389754,40.12234068061017,1014.3598061983234
9,2024-03-10,3.127629358511144,43.143079033722245,1003.9460083998571
9,2024-03-15,2.5280620762433346,40.860990497243904,971.9958991326179
9,2024-03-20,1.9393412927101854,43.35939288661641,1006.6394346790696
9,2024-03-25,2.889298731286446,43.65625068703262,990.7135931100506
9,2024-03-30,2.8336223855199756,43.6691740792331,1016.259142247313
9,2024-04-04,3.28146741204615,43.02328107616554,998.6694296489593
9,2024-04-09,3.167272347117177,43.654452421914065,1014.2817222590506
9,2024-04-14,3.4877268682442364,47.73719650126369,973.7248437262793
9,2024-04-19,2.92133979637464,44.773467692672554,995.2600165787968
9,2024-04-24,3.0091182124567326,45.519334423506734,994.8319855958566
9,2024-04-29,3.6841878653390046,46.438382056280545,1025.0871373714542
9,2024-05-04,3.2329678140853937,46.85338358488625,974.6062002585379
9,2024-05-09,3.2403725477976613,45.01497431245587,996.7164117675899
9,2024-05-14,3.7528643914618436,46.61485579683865,990.1605326172177
9,2024-05-19,3.2996654794949776,47.23357924515631,1028.586485254257
9,2024-05-24,3.962170696215734,46.534292622224235,978.0930887228617
9,2024-05-29,3.8095761259968617,47.19830446793765,997.1660864790475
9,2024-06-03,4.44281181320851,47.42069585642179,1018.8898194478239
9,2024-06-08,3.824367985390289,48.23311320524294,999.5638932383633
9,2024-06-13,3.4693174384901675,48.38222937116737,1002.5690347519551
9,2024-06-18,4.507136291195787,49.28594835525502,983.2536184133721
9,2024-06-23,4.740276823767748,49.6317963125567,1036.5718722612999
9,2024-06-28,4.9493091100152045,51.27134467272467,990.7367026705707
9,2024-07-03,3.760528646659848,48.130779575870264,997.45737116696
9,2024-07-08,4.236705001604685,51.90538883815211,985.8538931934334
9,2024-07-13,4.892877457705273,48.24110979951757,944.8080520145423
9,2024-07-18,4.975114301774423,51.194525450275236,977.6276133113288
9,2024-07-23,5.497322858049578,51.21110032164448,998.1179470308097
9,2024-07-28,4.715701259458075,50.42333517076491,1018.8857928436456
9,2024-08-02,4.9924990864924625,50.74815299822498,978.845687038599
9,2024-08-07,4.956279790826004,52.45916789771677,984.552604313714
9,2024-08-12,4.889506087646411,50.30100332644576,1009.6754548190369
9,2024-08-17,5.054201015665027,52.914366374813454,1014.6428112697023
9,2024-08-22,5.423973671427295,51.96134391585001,1001.395584269976
9,2024-08-27,5.593672832299824,52.22671623405844,1032.820932594579
9,2024-09-01,5.123976867408725,54.34970876443866,977.1573870113731
9,2024-09-06,6.041771840800156,54.942787802401185,1012.373278749613
9,2024-09-11,5.368700479243196,54.50768012859673,981.537347790843
9,2024-09-16,5.744695083106897,54.03781549216301,988.1164650254009
9,2024-09-21,5.493139661884401,52.8679652635514,1029.1591046713138
9,2024-09-26,5.595091632534128,56.024291127682304,988.1173084645022
9,2024-10-01,6.085688652742719,55.830912559720176,968.7821819449186
9,2024-10-06,5.477622877868512,54.19635279918303,993.9276658938448
9,2024-10-11,5.954835854433441,58.05417514531605,999.0124619288763
9,2024-10-16,5.9713840764401125,56.83145762332078,986.0716041415479
9,2024-10-21,6.302654822211069,57.88870280401163,1020.0642639947805
9,2024-10-26,6.8355703642419465,60.173348738832566,1010.640603865849
9,2024-10-31,6.182522524312739,56.763512966169905,997.6025490515425
9,2024-11-05,6.309169769786971,58.61713022855647,982.2816800808145
9,2024-11-10,6.345745914748243,59.00308162973102,1011.1831857780637
9,2024-11-15,7.206863332912465,57.28682503642723,966.1576222288556
9,2024-11-20,6.715135762081587,60.526211596844725,975.481332700316
9,2024-11-25,6.923065745580822,61.33173095785046,998.3148110633099
9,2024-11-30,6.42923239794098,58.89653021060258,980.2672203072086
9,2024-12-05,6.7029049588974345,61.52217456916871,994.5695104901723
9,2024-12-10,6.6781535777063565,60.26948210868232,1014.5463969404143
10,2024-01-19,1.797733878106441,39.68855342052643,965.0004425156241
10,2024-01-24,1.9367547534807221,38.17220115265302,1002.1235753564442
10,2024-01-29,2.106807114200568,40.71294322821356,968.1439440129503
10,2024-02-03,3.0604420749200085,40.72612084746439,949.6513379520494
10,2024-02-08,2.0603634819830603,43.42538552273004,1047.274357385934
10,2024-02-13,2.473691808547729,43.63989588533432,952.3128664928743
10,2024-02-18,2.3106785177999236,42.209390204983,997.6965414446012
10,2024-02-23,2.692621351165197,44.7479883193898,1002.6427344267196
10,2024-02-28,3.389876182328749,43.30901877532122,1001.3858812109778
10,2024-03-04,3.095306365596807,43.572696597501746,1029.6113611108378
10,2024-03-09,3.0255587532140202,43.180541081988075,1016.7098855584152
10,2024-03-14,3.677785345302804,43.98036802505639,1016.2140731069999
10,2024-03-19,3.6465886488285384,45.54135045819648,982.1761554916942
10,2024-03-24,3.34342862275508,45.97917024286211,1030.4279699566384
10,2024-03-29,3.586428140471367,47.702723638275025,996.6338353207586
10,2024-04-03,3.530426036159407,49.54658160718845,998.0282373543148
10,2024-04-08,3.987037030235199,48.23561464427447,1015.1787720024389
10,2024-04-13,3.921487314919097,48.96312939705407,977.1254758535867
10,2024-04-18,4.26162282300367,47.6622885257118,997.9424591181668
10,2024-04-23,4.300499939687218,47.18403194349944,1020.9588412350429
10,2024-04-28,4.376108962357543,50.02850502279921,983.9001867813943
10,2024-05-03,4.177655932289125,51.09972749720828,981.4204009135475
10,2024-05-08,4.077570137696204,50.359067942650924,1004.6425702371733
10,2024-05-13,4.824755631927108,50.87453305222748,1027.9415900146664
10,2024-05-18,5.898219760087138,51.281967342150054,1002.588225165512
10,2024-05-23,5.049569943326707,53.029497404089476,953.0094338601627
10,2024-05-28,5.32009574348002,53.533621626025955,1026.5268439597444
10,2024-06-02,5.425144315737074,55.111495739660725,981.2364524914459
10,2024-06-07,5.509977067427803,53.9116021863289,1008.3637415693549
10,2024-06-12,5.061065928891864,52.18856064563852,983.2360737198096
10,2024-06-17,5.582006027429405,54.92953723443966,998.9829495751785
10,2024-06-22,5.696495809098893,51.92563468865278,1002.5150234507084
10,2024-06-27,5.958504879380087,56.15390648625663,984.4416237466523
10,2024-07-02,6.081109625456526,56.94226959651407,974.6392890099769
10,2024-07-07,6.24743577693962,56.191858393258514,1020.3984915919394
10,2024-07-12,6.07625518204502,58.17235552215715,1040.6658753893291
10,2024-07-17,6.483715908207769,58.08868713778565,1025.2041481215767
10,2024-07-22,7.204171007425902,56.948707938624004,949.3942495450734
10,2024-07-27,6.6199813238963605,59.2609230048416,1017.9892994229649
10,2024-08-01,6.460754096084152,60.06352473253429,990.6937908643989
10,2024-08-06,6.921670852088121,57.52703950358868,1004.8184999457894
11,2024-01-12,2.0797658894178,42.65367505039493,992.7647386232637
11,2024-01-17,2.1525295673757663,41.2063304375238,992.6077932791273
11,2024-01-22,2.0996009625128242,38.78905779220034,999.7305635666968
11,2024-01-27,2.322636321324295,38.16236910590885,1025.2384300142799
11,2024-02-01,2.4659088022783875,40.0079869440173,1004.8094249866041
11,2024-02-06,1.616542179201129,42.9539482272977,1004.4647782825832
11,2024-02-11,2.7691457821060723,41.13848887806312,1008.2939705746178
11,2024-02-16,2.9270279486981026,41.62180058871709,996.9745343269298
11,2024-02-21,2.8976870112419677,41.885098352389974,997.2949134921262
11,2024-02-26,2.9175083242193693,43.44960458945218,1003.8947238943755
11,2024-03-02,3.3568544188276745,43.42983193691842,1021.6905409299018
11,2024-03-07,2.9004068323742684,43.33116009639996,1034.5181554070475
11,2024-03-12,3.1846976415097994,41.12832515281244,1003.6116641321672
11,2024-03-17,2.933982573938609,43.22783108174484,982.5496936881626
11,2024-03-22,3.2474604164505223,42.1444818541364,1042.1888918928491
11,2024-03-27,3.2627773558049853,43.03571376495809,1006.7232009255208
11,2024-04-01,3.054956171952653,41.956810785498135,1008.9479869293358
11,2024-04-06,2.937732561263909,45.29727797495488,993.2190939358052
11,2024-04-11,2.996194481701046,44.225263384544334,1023.0059205260279
11,2024-04-16,3.385322661312981,44.595786120210754,972.3426604549155
11,2024-04-21,3.549280322634503,44.205371682060665,997.2643345006114
11,2024-04-26,3.7653068253186914,48.831673879548234,1016.3637427221181
11,2024-05-01,3.0373753043027123,45.70160723518252,978.3093241341589
11,2024-05-06,3.2704677134159494,45.258166016031275,1031.141970812484
11,2024-05-11,3.3545472245114456,47.979164800160994,982.5946489963806
11,2024-05-16,3.6482151215245233,47.90954121246375,1018.605123124839
11,2024-05-21,3.8377354364258767,48.475704043085486,958.5315822212724
11,2024-05-26,3.7205994904387953,47.143086417747554,1002.9919495614711
11,2024-05-31,3.9801030197993095,49.26114371080106,962.4087874397995
11,2024-06-05,3.6295795101218595,46.82139504288067,1006.8345782948087
11,2024-06-10,3.802074375786906,48.834891848033465,1011.0019011405539
11,2024-06-15,4.015278036836419,47.50574052012953,992.1248536705358
11,2024-06-20,4.864121192624028,48.15170113371474,951.495714442548
11,2024-06-25,4.251222472613999,47.54674780607718,998.769134522399
11,2024-06-30,4.242849561238637,49.80619815062717,956.7057149937918
11,2024-07-05,4.798846794289737,50.98971696519892,993.4927424329717
11,2024-07-10,4.810580455457916,50.72271177766889,1013.4577243263491
11,2024-07-15,4.484921643204051,50.34443433604857,993.2017098846156
11,2024-07-20,4.36028165051227,50.642434594064014,1002.2693807343095
11,2024-07-25,4.57800653517809,51.02973981903522,1029.5977219982767
11,2024-07-30,4.827245140573283,50.6841367062312,1010.065693376333
11,2024-08-04,5.0521412675710415,52.22142373563737,994.489794190632
11,2024-08-09,5.061821379863332,52.057932351014436,997.8178296469487
11,2024-08-14,4.798626204854255,49.23655331626484,993.4293018307453
11,2024-08-19,4.7847539831938715,52.25842534042444,969.5058910002439
11,2024-08-24,4.6761238239816,49.49702986441215,985.4973381296728
11,2024-08-29,4.89670141876685,53.699609486033005,1019.1141591224216
11,2024-09-03,5.794878350157362,53.76324466360694,1039.8250520328704
11,2024-09-08,5.443630688480392,56.0660895037816,1007.4242573611366
11,2024-09-13,5.702135957125217,52.71686814259638,992.0494035808908
11,2024-09-18,5.518278413585066,53.92352764208139,987.6013162519021
11,2024-09-23,6.2153639601108726,57.16225612318584,1008.6595336545546
11,2024-09-28,6.002740067227384,54.7347229802702,1013.2496212032903
11,2024-10-03,5.370268901899195,52.81483587440115,981.2118843239897
11,2024-10-08,5.969664847813631,54.8854338014576,1008.7676516025681
11,2024-10-13,5.457608184091164,54.841373305519504,1008.3292288951228
11,2024-10-18,5.6239887439324106,55.43593922157046,1022.2903256843692
11,2024-10-23,6.238294179005794,53.25994832265237,999.6869587675566
11,2024-10-28,6.283277726012919,54.71189156398612,1009.1123723904908
11,2024-11-02,5.996738790457839,57.14636480600584,1003.693055518092
11,2024-11-07,5.7173167259285895,56.72584750198574,1045.7789497942642
11,2024-11-12,5.711053188017205,58.14283628437196,999.1047038522698
11,2024-11-17,5.533875539137969,57.88367543180794,984.766235875328
11,2024-11-22,6.408031678525629,53.37445501292265,999.0206962195555
11,2024-11-27,5.93065381605955,57.71596692811731,1016.4645775669364
11,2024-12-02,6.427889226974781,58.61093133126517,1015.1877587861832
11,2024-12-07,6.269559566418289,60.45703007536068,1020.9996858514277
11,2024-12-12,6.49370691458959,56.76995759526793,985.0037718566708
11,2024-12-17,6.82622923276232,59.256032158088644,1022.7541240542955
11,2024-12-22,6.830905897068363,60.245976107906735,957.66672478206
11,2024-12-27,6.812617122305097,57.193175657123156,987.8494731530704
11,2025-01-01,7.091244591217944,60.77784659970016,995.6445283521623
11,2025-01-06,7.1547644407650495,59.45419113743312,987.0125392335715
12,2024-01-23,2.3963912096819038,37.200190072959074,1020.1502737967385
12,2024-01-28,2.1963732054059277,37.9282965878288,1027.574194925267
12,2024-02-02,1.7754105530033573,40.61684929962987,980.921211612067
12,2024-02-07,2.2874610471636516,40.6090390403405,969.1950473593785
12,2024-02-12,2.892735719393123,43.61669825820337,1002.0871187504642
12,2024-02-17,2.6059319773902607,41.052736590042,1028.2210180211846
12,2024-02-22,2.3249567711222805,39.60955555854832,999.758221043079
12,2024-02-27,2.3557933769321626,40.544709484445725,992.6753692136348
12,2024-03-03,2.7286037669404495,38.47543800656017,1003.9789629359299
12,2024-03-08,2.526299487504787,44.1160701209315,1020.7409457747985
12,2024-03-13,2.9664768827749373,40.30931711336632,1006.3930365183795
12,2024-03-18,3.0258006246925078,39.43736576342805,985.3697319220734
12,2024-03-23,2.5862008934173395,44.59169811168607,977.0241192968268
12,2024-03-28,2.892070304449479,45.57079324397749,978.7540568966725
12,2024-04-02,2.682534455557485,43.47147149166245,1009.2412178650379
12,2024-04-07,3.5543689960274167,41.88564390764241,988.0314812931288
12,2024-04-12,3.259452354005807,43.5178509731669,1010.4502821053152
12,2024-04-17,3.4358534255672186,45.21920141325799,968.2307091916489
12,2024-04-22,3.577619776267174,44.783000372948436,1005.0040041250339
12,2024-04-27,2.7214141630681845,45.89225753791675,1021.638841194817
12,2024-05-02,3.787258985412971,46.29950311753929,1009.9548617818278
12,2024-05-07,3.436239138705982,47.267013852613566,989.2808170918141
12,2024-05-12,3.799466438641928,47.20908852255775,1015.5787300702423
12,2024-05-17,3.901972593564003,46.97950975714426,952.1745113795171
12,2024-05-22,3.763856312163709,48.18858301085129,1016.9820422148629
12,2024-05-27,3.8426623584425745,48.125188977903804,1015.4826292323874
12,2024-06-01,3.6347478951429375,48.49171465444966,1000.9954737436192
12,2024-06-06,4.219257506389624,48.66989533789954,1009.840376959856
12,2024-06-11,3.926228489762991,46.841568236502454,994.4025382766796
12,2024-06-16,4.014817667995146,47.339711973125986,1013.8695782382799
12,2024-06-21,4.115295075056331,47.95750792751266,1015.4418957795058
12,2024-06-26,4.6709120248823925,49.62119111391667,992.614457215076
12,2024-07-01,4.42477533170355,48.023327268594656,977.9641360416022
12,2024-07-06,3.9994809978699095,51.49378757742599,987.4147321261443
12,2024-07-11,4.990737028944628,49.318772669300266,965.8528408481411
12,2024-07-16,4.475377326454693,50.175213501890475,1010.8211352698528
12,2024-07-21,4.633433356751727,52.39401278560763,1028.9699845978585
12,2024-07-26,5.210010373865738,50.273462992041225,994.1147025641288
12,2024-07-31,4.669927465551402,51.82903608195398,999.026952968591
12,2024-08-05,4.83364831287996,50.224724392164305,1017.8039682224958
12,2024-08-10,5.287773289793218,50.24640776478039,966.7751367458716
12,2024-08-15,5.026597060673388,50.03204597689419,981.5628037374937
12,2024-08-20,4.824871202220449,52.63560098380998,1007.9187135125354
12,2024-08-25,5.175473093497012,53.08049238892879,1003.9465452519042
12,2024-08-30,5.031099951238173,51.15030149786342,1016.5946483575835
12,2024-09-04,5.592767266895582,51.674998269063494,1016.3755528750972
12,2024-09-09,5.885157838306273,54.67851519245429,969.2695277011244
12,2024-09-14,5.663651107588767,54.50371672466839,1007.8139184185629
12,2024-09-19,5.174696548757987,52.993704158087795,1033.9077691690393
12,2024-09-24,5.857465390600337,54.68874530967096,1014.4477585665634
12,2024-09-29,5.453138304979199,53.63889324597928,1013.9517320069435
12,2024-10-04,6.305817798947793,55.163138146768674,1014.5609772485968
12,2024-10-09,5.773510697064939,54.82628578889836,967.8684579852264
12,2024-10-14,5.949530261656875,55.64901836786987,1031.364795178393
12,2024-10-19,6.406328397316127,55.322409686803894,1005.2697443066212
12,2024-10-24,6.201402837649753,57.22650430618121,986.027903288079
12,2024-10-29,5.906922753372224,56.57154410543209,985.684800217785
12,2024-11-03,6.727000893034278,58.46567202268553,1008.1575356475064
12,2024-11-08,6.452697240503181,57.381684140255466,1014.8536483671944
12,2024-11-13,6.816473895724226,58.587480342097365,1003.0867337412882
12,2024-11-18,6.979378892809249,58.09393881037394,1015.3293473622319
12,2024-11-23,6.3044318865080475,56.08934388046351,1006.0763719120976
12,2024-11-28,6.831126410070788,61.670705311898395,984.9879420483757
12,2024-12-03,6.50732937453968,61.33541734238034,1039.8503070633624
12,2024-12-08,6.533520606666745,58.33549374596437,964.5299133210077
12,2024-12-13,6.83379622140788,58.31719851984835,990.1375435520046
12,2024-12-18,7.345467108511198,58.60065270395452,990.1528385201298
13,2024-01-20,2.2371115688155134,40.510076941853335,1011.4122599443906
13,2024-01-25,2.552069005465863,39.53473358111788,977.6585171507651
13,2024-01-30,3.407955542204627,43.95992822955322,972.9785126758396
13,2024-02-04,2.3881034348949424,42.137257309525395,1020.1107045194912
13,2024-02-09,3.008818151223149,44.67763700313511,1001.7178601258667
13,2024-02-14,2.6422779247057626,46.82958725505545,957.1946824244404
13,2024-02-19,3.679926143478319,45.808432046085514,1018.436030039545
13,2024-02-24,3.9761016173047965,46.74107869002283,1031.8180980980903
13,2024-02-29,4.234998481491474,46.98206373881984,1011.110252926845
13,2024-03-05,4.078916512308213,49.58624728325294,1034.8927834651736
13,2024-03-10,4.403262116635294,48.576786926227186,995.6596589915126
13,2024-03-15,4.785204843829305,49.38456282018705,1011.9971859967129
13,2024-03-20,4.918267433547029,51.509719957102675,1002.2510143001646
13,2024-03-25,5.534487654212917,51.22493261155531,962.4015122972191
13,2024-03-30,5.988368511180905,56.233190286132825,1000.0089098837509
13,2024-04-04,5.535053523024607,56.18854819762491,1018.4854027907566
13,2024-04-09,6.26136874208316,55.36794383000646,993.2853801016056
13,2024-04-14,6.210597716129783,57.08044816328385,974.311392511848
13,2024-04-19,6.720516329996092,56.66329260408202,994.0064670398642
14,2024-01-25,1.9849386148874766,43.931189636544964,977.7606594845167
14,2024-01-30,1.8718151440280735,42.06029887885069,1024.8899615204211
14,2024-02-04,2.4410780565322554,41.526206139461635,1024.4713776483725
14,2024-02-09,2.5305338170252734,44.554064133321745,1006.6745572712375
14,2024-02-14,2.7136602708589677,42.01171639137943,998.7295085076929
14,2024-02-19,2.9209687914912106,45.42576201320391,1009.9232981119587
14,2024-02-24,3.217695731245698,44.526737256299874,986.7339135645096
14,2024-02-29,2.842185417301896,46.55017208540704,987.2927522234875
14,2024-03-05,3.2489871212608437,46.143390604658876,987.6478163639842
14,2024-03-10,4.075742867927586,49.13880459736387,1013.0304398267901
14,2024-03-15,3.6660531976074955,48.432236574636974,1030.2601853200797
14,2024-03-20,4.570060369479467,52.95753995380487,1026.7672746289277
14,2024-03-25,4.069935609601784,48.43385152395115,1030.1284344400317
14,2024-03-30,4.264820103083483,48.02354909287666,990.2324035747399
14,2024-04-04,4.603459110793845,53.444744929226815,992.8411233719737
14,2024-04-09,5.487787673876788,52.42854008047404,985.0263959698972
14,2024-04-14,4.701711315220607,54.90117846079806,964.7884281151679
14,2024-04-19,5.722687670775066,54.07805777206247,1007.9796665758116
14,2024-04-24,5.80992719158492,57.56905406427844,1028.42565965905
14,2024-04-29,5.983688031497204,55.164830514807306,1031.023100891914
14,2024-05-04,5.364803544445148,58.03866219587775,1014.5433148879606
14,2024-05-09,6.604680113730287,57.03333508632903,964.7015923171032
14,2024-05-14,6.328035466312738,58.5857967797552,1010.5678562373544
14,2024-05-19,6.838717219340052,59.692210602268965,991.787306160384
14,2024-05-24,6.665446252440027,58.42823487529818,968.7262062930915
15,2024-01-03,2.2940280605210313,40.53383406633148,992.8901877758811
15,2024-01-08,2.4996893797659596,42.884071666862354,1002.0759436219219
15,2024-01-13,1.9462232660319871,41.001095747371664,1014.8775324902928
15,2024-01-18,2.3975834757045775,41.78609486490373,1020.8370428749606
15,2024-01-23,1.7666740049346683,42.13420403121669,1003.4436818448031
15,2024-01-28,2.3472904626280653,41.02678190406198,1021.987547763649
15,2024-02-02,2.5130745248934407,42.49103012110419,984.5886417122764
15,2024-02-07,2.3945101666993374,39.43186841497044,969.4485901238135
15,2024-02-12,2.6463346340109934,41.449026485198,1017.6848461154763
15,2024-02-17,3.01273707679085,45.1245065678455,1037.4783484206007
15,2024-02-22,2.289248976035515,40.84353959907683,1030.3389357941728
15,2024-02-27,3.214203518551384,42.7838968131107,941.4209727059781
15,2024-03-03,3.0929505070000083,43.436653766262374,1013.0898498014241
15,2024-03-08,2.9576787621313754,45.231047789010574,992.9012509713543
15,2024-03-13,3.090078059718804,45.096429774009785,1003.1489584992154
15,2024-03-18,2.9570875836255315,44.554713390785594,985.0290773075852
15,2024-03-23,3.070013035158195,46.62360471935743,973.5835245224208
15,2024-03-28,3.920945700488001,45.2538512151796,991.9858138503386
15,2024-04-02,2.7256279350053854,42.21885184577061,1011.7921909338405
15,2024-04-07,3.4772001817547533,47.36476502672196,1005.9954912744313
15,2024-04-12,3.5220980879552792,45.43206553156954,1003.884057243125
15,2024-04-17,3.2933391479204763,46.486739706614166,1014.7698166521268
15,2024-04-22,3.8679940111258952,48.93643769946248,1008.8355199317746
15,2024-04-27,3.6916970161828404,48.584265341249385,989.931288816776
15,2024-05-02,3.688574583251105,46.58221142116675,1013.765334681017
15,2024-05-07,3.531892232686548,48.22654824465659,1003.1432469973763
15,2024-05-12,3.8056389322033635,46.3516327362444,959.6958802328917
15,2024-05-17,3.6099662112975874,47.454312931667445,1013.1271490125858
15,2024-05-22,3.940178663791421,50.286602608712,998.0794518936129
15,2024-05-27,3.7507679062143904,45.976505407286325,990.7436862732097
15,2024-06-01,3.845029046764207,47.26089059515915,990.2559415761015
15,2024-06-06,4.173945884815363,51.17197131677407,977.2286525390076
15,2024-06-11,4.239233907243928,49.91031890150533,1017.6236668608401
15,2024-06-16,4.312515766939985,49.659194179314014,983.0314273161837
15,2024-06-21,4.905729753352626,50.42376595313928,1004.7283572471987
15,2024-06-26,4.254748789804677,50.81931678596296,979.9189080631598
15,2024-07-01,4.393193289397232,50.55176273513132,962.2846616249152
15,2024-07-06,4.602579580303453,50.70773168965315,987.2888431719119
15,2024-07-11,4.956805744416766,53.63875177910084,1022.5894717868789
15,2024-07-16,5.0722933013663765,52.06184032490532,961.4465484130878
15,2024-07-21,4.586011019480994,51.016199836811346,1034.0539297669586
15,2024-07-26,4.992428797508915,53.92974576511794,998.7599198126794
15,2024-07-31,5.006448319011257,53.935187581393215,989.4767529290502
15,2024-08-05,4.572630244842012,52.28259603698826,994.0032360745024
15,2024-08-10,5.314036083094455,51.05914228928329,992.9760759639247
15,2024-08-15,6.114386226490648,53.679372553406346,969.6671490115842
15,2024-08-20,5.114819314794257,54.13320011470758,974.169487964636
15,2024-08-25,5.543305748683167,52.9123867435069,989.2175459370204
15,2024-08-30,5.6436973198744145,53.83206956367306,1001.3498736249455
15,2024-09-04,5.736641803594907,56.269820359725195,982.460148109789
15,2024-09-09,6.420465664581224,58.10736564852034,1029.878763995967
15,2024-09-14,5.908552610430485,54.129491333720715,1002.6090822417735
15,2024-09-19,5.593488492505478,53.980282069939975,972.3600935481362
15,2024-09-24,5.9722182820416645,55.80212944565591,1011.494025233307
15,2024-09-29,6.099668228275814,57.93084612718097,1017.2905981708159
15,2024-10-04,6.4999796973008745,59.00825873980193,1002.3900504252937
15,2024-10-09,6.556304561527392,55.16315627978782,1040.4720113508495
15,2024-10-14,6.10674967041262,56.96264772175726,991.8504565717027
15,2024-10-19,6.1517162001676935,60.09836125067957,991.3419836242971
15,2024-10-24,6.432780305188124,58.43826191460897,990.9251677432334
15,2024-10-29,6.17876158400423,58.687901462546506,991.4330952058828
15,2024-11-03,5.871431177524426,58.27931955823352,1009.7092904929349
15,2024-11-08,7.13276738329567,59.532409561488855,1005.5723838413184
15,2024-11-13,6.2043774602453565,56.37861213562545,978.8533436565054
15,2024-11-18,6.455915207619521,58.6155040378525,987.6954161858415
15,2024-11-23,6.287267529950768,57.269169431648656,979.936403381544
15,2024-11-28,7.326611884706747,60.89088039817519,1017.383091849938
15,2024-12-03,6.790047586410294,60.20385024703883,1010.6680170247512
